Primary Capability,Sub-Capability,Definition,Key Components,Technologies,BNZ Status,Priority,Maturity - Basic,Maturity - Intermediate,Maturity - Advanced,Maturity - Optimized,Success Metrics
1. Agent Platform Infrastructure,1.1 Runtime Environment,"Secure, serverless execution environment that provides the foundational compute infrastructure for running AI agents with session isolation, auto-scaling, and long-running task support","Serverless Runtime; Session Isolation; Long-Running Support; Framework Agnostic; Model Agnostic; Async Processing","AWS Bedrock AgentCore Runtime, Azure Container Apps/Azure Functions, Kubernetes with agent-specific operators, Serverless platforms (AWS Lambda, Azure Functions), Container orchestration (Docker, containerd)",Gap,High,"Single-tenant execution, limited session duration (<1 hour)","Multi-tenant isolation, 4-hour sessions, basic auto-scaling","Complete session isolation, 8-hour sessions, intelligent scaling","Framework-agnostic, model-agnostic, unlimited scalability with predictive scaling","Session isolation effectiveness (% security compliance); Maximum session duration (hours); Auto-scaling response time (seconds); Framework compatibility (number of supported frameworks)"
1. Agent Platform Infrastructure,1.2 Session Management,"Capabilities for managing agent sessions including state persistence, checkpoint recovery, session lifecycle, and context preservation across long-running workflows","State Persistence; Checkpoint Recovery; Session Lifecycle; Context Preservation; Session Monitoring; Resource Management","State management systems (Redis, DynamoDB); Checkpoint/restore frameworks; Session stores (ElastiCache, Memcached); Workflow engines with state machines",Gap,High,"Manual state management, no checkpoint support","Automatic checkpoints, basic recovery, 100+ concurrent sessions","Intelligent checkpointing, fast recovery, 1000+ sessions","Predictive state management, instant recovery, unlimited sessions","Checkpoint frequency (per session); Recovery time (seconds); State storage efficiency (MB per session); Concurrent session capacity"
1. Agent Platform Infrastructure,1.3 Identity and Access Management,"Enterprise-grade identity services providing secure authentication, authorization, impersonation flows, and role-based access control for agents and users with comprehensive audit trails","Agent Identity; User Impersonation; Role-Based Access Control; Audit Trails; Token Management; Policy Enforcement","Identity providers (Azure AD/Entra ID, AWS IAM, Okta); OAuth 2.0 and OpenID Connect; Service principals and managed identities; Secure credential storage (HashiCorp Vault, Azure Key Vault); Audit logging platforms",Gap,High,"Simple API keys, basic access controls","OAuth 2.0, RBAC, basic audit logging","Impersonation flows, comprehensive auditing, policy engines","Zero-trust architecture, ML-driven threat detection, predictive access controls","Authentication success rate (%); Authorization latency (ms); Audit completeness (% of actions logged); Security incident rate (per 1000 operations)"
1. Agent Platform Infrastructure,1.4 Gateway Services,"API gateway and integration services that provide secure, managed connectivity between agents and external services, APIs, and enterprise systems with zero-code transformations and protocol handling","API Gateway; Protocol Translation; Zero-Code Transformation; Rate Limiting; Circuit Breakers; Service Discovery","API gateways (Kong, Ambassador, AWS API Gateway, Azure API Management); Service meshes (Istio, Linkerd); Integration platforms (MuleSoft, Apache Camel); Model Control Protocol (MCP) implementations",Gap,High,"Simple API proxy, manual configuration","Protocol translation, rate limiting, 50+ integrated services","Zero-code transformations, circuit breakers, 200+ services","AI-driven API adaptation, self-healing integrations, unlimited services","Integration success rate (%); API response time (ms); Number of integrated services; Transformation accuracy (%)"
1. Agent Platform Infrastructure,1.5 Memory Services,"Managed memory infrastructure providing short-term and long-term storage for agent conversations, context, experiences, and learned knowledge with efficient retrieval and persistence","Short-Term Memory; Long-Term Memory; Vector Storage; Knowledge Graphs; Context Windows; Memory Retrieval","Vector databases (Pinecone, Weaviate, Chroma, Azure AI Search); Graph databases (Neo4j, Amazon Neptune, Azure Cosmos DB); Document stores (MongoDB, DynamoDB); Embedding models and semantic search engines",Gap,High,"Session-only memory, limited storage (< 1K interactions)","Cross-session memory, 10K+ interactions, basic retrieval","Semantic organization, 100K+ interactions, intelligent retrieval","Hierarchical memory, multi-modal storage, unlimited scale","Memory retrieval accuracy (%); Retrieval latency (ms); Storage capacity (interactions stored); Context relevance score (1-10)"
1. Agent Platform Infrastructure,1.6 Observability Platform,"Comprehensive monitoring, logging, tracing, and analytics infrastructure for tracking agent performance, behavior, system health, and operational metrics with real-time dashboards and alerting","Distributed Tracing; Metrics Collection; Log Aggregation; Real-Time Dashboards; Alerting System; Analytics Platform","APM tools (Datadog, New Relic, Dynatrace); OpenTelemetry for standardized telemetry; Logging platforms (ELK Stack, Splunk, Azure Monitor); Metrics systems (Prometheus, Grafana, CloudWatch); Distributed tracing (Jaeger, Zipkin)",Gap,High,"Basic logging, manual monitoring","Automated metrics, dashboards, 20+ KPIs","Distributed tracing, real-time alerting, 100+ metrics","AI-powered anomaly detection, predictive alerts, self-healing","System uptime (%); Mean time to detection (MTTD) (minutes); Alert accuracy (%); Observability coverage (% of agents monitored)"
2. Agent Development Frameworks,2.1 High-Code Frameworks,"Developer-centric programming frameworks that provide comprehensive libraries, APIs, and tools for building sophisticated multi-agent systems with maximum control and flexibility","Core Framework Libraries; Agent Primitives; State Management; Tool Integration; Memory Patterns; Orchestration Logic","LangGraph (graph-based workflows); CrewAI (role-based agent collaboration); LlamaIndex (data-centric agents with RAG); AutoGen (multi-agent conversation frameworks); Semantic Kernel (enterprise integration); Strands Agents (AWS-native simplified development)",Gap,High,"Single framework, limited patterns, manual orchestration","2-3 frameworks, common patterns, basic orchestration","5+ frameworks, extensive pattern library, intelligent orchestration","Framework-agnostic development, auto-generated patterns, AI-assisted coding","Developer productivity (agents per sprint); Code reusability rate (%); Framework adoption breadth (# frameworks supported); Time to first agent (days)"
2. Agent Development Frameworks,2.2 Low-Code Frameworks,"Visual development environments and no-code/low-code platforms that enable business users and citizen developers to build agents through graphical interfaces, pre-built components, and configuration-driven approaches","Visual Designer; Pre-built Templates; Configuration UI; Integration Connectors; Testing Tools; Deployment Wizards","Microsoft Copilot Studio (enterprise-grade low-code platform); Salesforce AgentForce (CRM-integrated agent builder); ServiceNow AI Platform (IT workflow agents); UiPath Agent Builder (RPA-integrated); Power Platform (Microsoft ecosystem)",Gap,Medium,"Simple chatbot builders, limited customization","Multi-step workflows, 50+ templates, basic integrations","Complex orchestration, 200+ templates, extensive integrations","AI-assisted design, auto-generated agents, unlimited customization","Business user adoption rate (%); Time to deployment (hours); Template utilization rate (%); User satisfaction score (1-10)"
2. Agent Development Frameworks,2.3 Framework Integration,"Capabilities for integrating agents built with different frameworks, enabling cross-framework communication, and maintaining interoperability across the heterogeneous agent ecosystem","Protocol Standards; Framework Adapters; API Standardization; Agent Registry; Version Management; Migration Tools","Model Control Protocol (MCP) for standardized communication; API gateways for cross-framework routing; Integration platforms; Agent registries for centralized discovery",Gap,High,"Single framework, no interoperability","2-3 frameworks, manual integration, basic MCP support","5+ frameworks, automated integration, full MCP support","Universal framework support, self-healing integrations, intelligent routing","Cross-framework integration success rate (%); Framework count supported; Protocol compliance score (%); Integration maintenance overhead (hours per month)"
2. Agent Development Frameworks,2.4 Development Tools,"Supporting tools and environments for agent development including IDEs, testing frameworks, debugging tools, version control, and CI/CD pipelines specialized for agentic applications","IDE Integration; Testing Frameworks; Debugging Tools; Version Control; CI/CD Pipelines; Performance Profiling","Development IDEs (VS Code, JetBrains IDEs, Jupyter Notebooks); Testing tools (Pytest, MLflow, agent-specific test frameworks); CI/CD platforms (GitHub Actions, Azure DevOps, GitLab CI); Version control (Git, GitHub, Azure Repos); Container tools (Docker, Kubernetes)",Gap,Medium,"Manual testing, no CI/CD, limited tooling","Automated testing, basic CI/CD, standard IDEs","Comprehensive test coverage, full CI/CD, specialized tools","AI-assisted development, self-optimizing pipelines, intelligent debugging","Test coverage (%); CI/CD deployment frequency (per week); Build success rate (%); Development tool adoption (%)"
3. Agent Runtime Capabilities,3.1 Goals and Intents,"The capability to receive, interpret, and manage high-level objectives and user intentions, translating them into actionable tasks and maintaining goal alignment throughout execution","Goal Parsing; Intent Classification; Goal Decomposition; Priority Management; Goal Validation; Progress Tracking","Large Language Models (GPT-4, Claude, Llama); Intent classification models (BERT, RoBERTa); Goal-oriented dialogue systems; Task planning frameworks (PDDL, HTN)",Gap,High,"Simple goal understanding, single objective handling","Multi-goal management, basic priority handling, 85%+ intent accuracy","Complex goal decomposition, dynamic prioritization, 95%+ accuracy","Self-refining goal understanding, contextual adaptation, 98%+ accuracy","Goal completion rate (%); Intent classification accuracy (%); Average goal decomposition depth; Time to first action (seconds)"
3. Agent Runtime Capabilities,3.2 Context and Memory,"The capability to maintain, access, and utilize relevant contextual information and historical interactions to inform decision-making and maintain conversational coherence","Working Memory; Episodic Memory; Semantic Memory; Context Window Management; Memory Retrieval; Memory Persistence","Vector databases (Pinecone, Weaviate, Chroma); Knowledge graphs (Neo4j, Amazon Neptune); Embedding models for semantic search; Memory architectures (MemoryBank, LangChain Memory)",Gap,High,"Session-based memory, limited context retention","Cross-session memory, 1K+ interactions stored, basic retrieval","Semantic memory organization, 10K+ interactions, intelligent retrieval","Hierarchical memory, 100K+ interactions, contextual relevance scoring","Memory retrieval accuracy (%); Context relevance score (1-10); Memory storage efficiency (MB/interaction); Retrieval latency (ms)"
3. Agent Runtime Capabilities,3.3 Planning and Coordination,"The capability to create, execute, and adapt plans for achieving goals, including coordinating multiple actions and managing dependencies between tasks","Task Planning; Resource Allocation; Dependency Management; Plan Adaptation; Coordination Logic; Rollback Strategies","Planning algorithms (A*, STRIPS, GraphPlan); Workflow orchestration (Apache Airflow, Temporal); State machines and process engines; Multi-agent coordination frameworks",Gap,High,"Linear task execution, manual planning","Multi-step plans, basic adaptation, 3-5 concurrent tasks","Dynamic replanning, dependency optimization, 10+ concurrent tasks","Predictive planning, self-optimization, unlimited scalability","Plan success rate (%); Average plan complexity (steps); Planning time (seconds); Adaptation frequency (changes per plan)"
3. Agent Runtime Capabilities,3.4 Action and Tool Use,"The capability to execute specific actions and utilize available tools and APIs to accomplish tasks in the real world or within enterprise systems","Tool Discovery; Function Calling; Parameter Binding; Error Handling; Tool Chaining; Safety Validation","OpenAI Function Calling; LangChain Tools and Agents; API integration frameworks; Model Control Protocol (MCP); Enterprise service meshes",Gap,High,"5-10 predefined tools, manual invocation","20-50 tools, automated discovery, basic chaining","100+ tools, intelligent selection, complex workflows","Dynamic tool creation, self-extending capabilities, 500+ tools","Tool success rate (%); Number of available tools; Average tool response time (ms); Tool utilization rate (%)"
3. Agent Runtime Capabilities,3.5 Monitoring and Observability,"The capability to track agent performance, behavior, and system health, providing visibility into agent operations for debugging and optimization","Performance Metrics; Behavioral Monitoring; System Health; Audit Logging; Real-time Dashboards; Alerting","Application Performance Monitoring (Datadog, New Relic); Logging frameworks (ELK Stack, Splunk); Metrics collection (Prometheus, Grafana); Distributed tracing (Jaeger, Zipkin)",Gap,High,"Basic logging, manual monitoring","Automated metrics, basic dashboards, 10+ KPIs","Real-time monitoring, predictive alerting, 50+ metrics","AI-powered anomaly detection, self-healing, 100+ metrics","System uptime (%); Mean time to detection (minutes); Alert accuracy (%); Dashboard utilization rate (%)"
3. Agent Runtime Capabilities,3.6 Evaluation and Guardrails,"The capability to assess agent performance, ensure safe operation, and maintain alignment with organizational policies and ethical guidelines","Performance Evaluation; Safety Constraints; Ethical Compliance; Policy Enforcement; Quality Assurance; Continuous Assessment","Model evaluation frameworks (MLflow, Weights & Biases); Policy engines (Open Policy Agent); Content filtering and safety APIs; Automated testing frameworks; Human evaluation platforms",Gap,High,"Manual evaluation, basic safety checks","Automated evaluation, policy enforcement, 90%+ safety compliance","Continuous evaluation, adaptive guardrails, 95%+ compliance","Self-improving evaluation, predictive safety, 99%+ compliance","Safety compliance rate (%); Evaluation accuracy (%); Policy violation rate (per 1000 actions); Quality score (1-10)"
4. Agent Orchestration,4.1 Static Orchestration,"The capability to coordinate agents using predefined workflows and fixed interaction patterns, providing predictable and controlled multi-agent operations","Workflow Definition; Sequential Processing; Role Assignment; Handoff Management; Process Templates; Deterministic Routing","Workflow engines (Apache Airflow, Temporal, Camunda); Process modeling tools (BPMN, DMN); Service orchestration platforms; Static configuration management",Gap,Medium,"2-3 agent sequences, manual configuration","5-10 agent workflows, template-based orchestration","20+ agent processes, complex branching logic","50+ orchestrated workflows, self-documenting processes","Workflow completion rate (%); Average workflow execution time (minutes); Number of orchestrated processes; Process reliability score (%)"
4. Agent Orchestration,4.2 Dynamic Orchestration,"The capability to adaptively coordinate agents based on runtime conditions, dynamically adjusting workflows and agent assignments based on current context and requirements","Adaptive Routing; Load Balancing; Dynamic Scaling; Condition-based Branching; Resource Optimization; Failure Recovery","Dynamic workflow engines; Service mesh architectures (Istio, Linkerd); Container orchestration (Kubernetes); Event-driven architectures; Load balancing algorithms",Gap,Medium,"Simple conditional routing, 2-3 decision points","Load balancing, 5-10 dynamic paths, basic scaling","Intelligent routing, predictive scaling, 20+ decision points","Self-optimizing orchestration, machine learning-driven decisions","Routing accuracy (%); Resource utilization rate (%); Scaling response time (seconds); System adaptation frequency (changes per hour)"
4. Agent Orchestration,4.3 Intelligent Orchestration,"The capability to use AI and machine learning to optimize agent coordination, learning from past executions to improve orchestration decisions and outcomes","ML-driven Routing; Performance Optimization; Predictive Orchestration; Self-improving Workflows; Anomaly Detection; Intelligent Scheduling","Reinforcement learning frameworks; AutoML platforms; Predictive analytics engines; Graph neural networks for workflow optimization; Federated learning systems",Gap,Low,"Rule-based optimization, basic learning","ML-driven decisions, pattern recognition, 10% improvement","Predictive orchestration, 25% efficiency gains","Fully autonomous optimization, 50%+ improvement","Orchestration efficiency improvement (%); Learning convergence time (hours); Prediction accuracy for workflow outcomes (%); Autonomous optimization frequency (per day)"
5. Agent Communication,5.1 User-to-Agent,"The capability to facilitate natural and intuitive communication between human users and AI agents through various interfaces and interaction modalities","Natural Language Interface; Multi-modal Input; Context Preservation; Intent Understanding; Response Generation; Personalization","Conversational AI platforms (Copilot Studio, Dialogflow); Speech-to-text and text-to-speech services; Computer vision for gesture recognition; Natural language understanding models; Personalization engines",Gap,High,"Text-only interface, basic intent recognition","Multi-modal input, context awareness, 85%+ intent accuracy","Personalized responses, complex conversations, 95%+ accuracy","Anticipatory assistance, emotional intelligence, 98%+ accuracy","User satisfaction score (1-10); Intent recognition accuracy (%); Conversation completion rate (%); Average response time (seconds)"
5. Agent Communication,5.2 Service-to-Agent,"The capability to enable enterprise services and applications to communicate with and invoke AI agents, integrating agents into existing business processes","API Integration; Event-driven Communication; Service Discovery; Protocol Translation; Authentication & Authorization; Rate Limiting","API gateways (Kong, Ambassador, AWS API Gateway); Message queues (Apache Kafka, RabbitMQ, Azure Service Bus); Service mesh architectures; OAuth 2.0 and OpenID Connect; Event streaming platforms",Gap,High,"Simple API calls, synchronous communication","Event-driven architecture, 10-20 integrated services","Service mesh integration, 50+ services, async processing","Intelligent routing, 100+ services, self-healing connections","Service integration count; API response time (ms); Service availability (%); Integration reliability score (%)"
5. Agent Communication,5.3 Agent-to-Agent,"The capability to enable direct communication and coordination between AI agents, supporting collaborative problem-solving and information sharing","Message Passing; Negotiation Protocols; Information Sharing; Consensus Mechanisms; Conflict Resolution; Trust Management","Multi-agent communication frameworks (JADE, SPADE); Blockchain for trust and consensus; Peer-to-peer networking protocols; Distributed consensus algorithms (Raft, PBFT); Message brokers",Gap,Medium,"Simple message exchange between 2-3 agents","Structured protocols, 5-10 agent networks","Complex negotiations, 20+ agent ecosystems","Self-organizing networks, 100+ agents, emergent behaviors","Inter-agent message volume (messages/hour); Consensus achievement rate (%); Negotiation success rate (%); Network stability score (%)"
5. Agent Communication,5.4 Agent-to-Storage,"The capability to enable agents to efficiently interact with various storage systems for data persistence, retrieval, and knowledge management","Data Persistence; Knowledge Retrieval; Caching Strategies; Transaction Management; Schema Evolution; Performance Optimization","Multi-model databases (MongoDB, CosmosDB); Vector databases (Pinecone, Weaviate); Graph databases (Neo4j, Amazon Neptune); Caching systems (Redis, Memcached); Data integration platforms",Gap,Medium,"Single database connection, basic CRUD operations","Multi-database support, caching, 5-10 storage systems","Intelligent data routing, 20+ storage systems, optimization","Adaptive storage selection, 50+ systems, self-tuning performance","Data access latency (ms); Storage system availability (%); Data consistency score (%); Query optimization effectiveness (%)"
6. Autonomous Agents,6.1 Autonomous Decisioning,"The capability for agents to make independent decisions based on available information, learned patterns, and established policies without requiring human approval for each action","Decision Frameworks; Risk Assessment; Confidence Scoring; Learning Integration; Multi-criteria Analysis; Escalation Logic","Decision tree algorithms and rule engines; Reinforcement learning frameworks; Bayesian inference and probabilistic reasoning; Multi-criteria decision analysis (MCDA); Confidence estimation techniques",Gap,Low,"Simple rule-based decisions, 80%+ accuracy","Learning-based decisions, multi-criteria analysis, 90%+ accuracy","Complex autonomous reasoning, 95%+ accuracy, adaptive thresholds","Self-improving decision-making, 98%+ accuracy, contextual adaptation","Decision accuracy rate (%); Average decision time (seconds); Escalation rate (% decisions requiring human input); Decision confidence score (1-10)"
6. Autonomous Agents,6.2 Elevated Guardrails,"The capability to implement and enforce enhanced safety measures and constraints for autonomous agents, ensuring safe operation even with increased autonomy levels","Advanced Safety Constraints; Real-time Monitoring; Predictive Risk Assessment; Automatic Intervention; Safety Verification; Compliance Enforcement","Advanced policy engines with ML capabilities; Real-time anomaly detection systems; Formal verification tools; Safety-critical system architectures; Continuous compliance monitoring platforms",Gap,Low,"Static safety rules, manual monitoring","Dynamic constraints, automated monitoring, 95%+ safety compliance","Predictive safety, self-adjusting guardrails, 99%+ compliance","AI-powered safety systems, proactive risk mitigation, 99.9%+ compliance","Safety incident rate (per 1000 actions); Guardrail effectiveness score (%); False positive rate for safety interventions (%); Compliance audit success rate (%)"
6. Autonomous Agents,6.3 Human-in-the-Loop,"The capability to seamlessly integrate human oversight and intervention into autonomous agent operations, maintaining human control while enabling autonomous efficiency","Escalation Management; Human Oversight Interface; Intervention Mechanisms; Collaborative Decision-making; Learning from Human Feedback; Approval Workflows","Human-in-the-loop platforms (Scale AI, Labelbox); Workflow management systems; Real-time collaboration tools; Feedback collection and integration systems; Human-AI interface design frameworks",Gap,Medium,"Manual review of all agent actions","Selective escalation, 10-20% human review rate","Intelligent escalation, 5% review rate, collaborative interfaces","Predictive escalation, <2% review rate, seamless human-AI collaboration","Human review response time (minutes); Escalation accuracy (% correctly identified cases); Human satisfaction with agent collaboration (1-10); Efficiency gain from human-AI collaboration (%)"
7. Agent Segmentation,7.1 Standard Agents,"General-purpose AI agents designed to handle common, well-defined tasks across various business domains with consistent capabilities and interfaces","Common Task Handling; Standardized Interfaces; Configurable Workflows; Basic Decision Logic; Integration Patterns; Template-based Deployment","Business process automation platforms; Standardized agent frameworks; Configuration management systems; Template deployment tools; Common integration patterns",Gap,Medium,"3-5 standard agent types, manual configuration","10-15 types, automated deployment, basic customization","25+ types, self-configuring capabilities, domain adaptation","50+ types, AI-driven optimization, automatic template generation","Number of standard agent templates; Deployment time (hours); Configuration accuracy (%); Reusability rate across departments (%)"
7. Agent Segmentation,7.2 Worker Agents,"Specialized AI agents focused on executing specific, well-defined tasks with high efficiency and reliability, typically operating as part of larger workflows","Task Specialization; High-volume Processing; Quality Consistency; Integration Points; Performance Optimization; Error Handling","Specialized ML models for specific tasks; High-performance computing resources; Task-specific optimization frameworks; Quality assurance automation; Specialized integration adapters",Gap,Medium,"5-10 worker types, manual task assignment","20-30 types, automated task routing, 95%+ accuracy","50+ types, self-optimizing performance, 98%+ accuracy","100+ types, adaptive specialization, 99%+ accuracy","Task completion rate (%); Processing throughput (tasks/minute); Error rate (%); Resource efficiency (tasks per CPU hour)"
7. Agent Segmentation,7.3 Manager Agents,"Supervisory AI agents responsible for coordinating other agents, managing workflows, and making higher-level decisions about task allocation and resource management","Agent Coordination; Resource Allocation; Workflow Management; Performance Monitoring; Decision Authority; Escalation Management","Multi-agent coordination frameworks; Workflow orchestration engines; Resource optimization algorithms; Performance analytics platforms; Decision support systems",Gap,Low,"1-2 manager agents, simple coordination, 5-10 supervised agents","5+ managers, dynamic allocation, 20+ supervised agents","10+ managers, predictive management, 50+ supervised agents","20+ managers, self-organizing hierarchies, 100+ supervised agents","Team productivity improvement (%); Resource utilization optimization (%); Decision quality score (1-10); Supervised agent count per manager"
7. Agent Segmentation,7.4 Specialist Agents,"Highly specialized AI agents with deep expertise in specific domains, technologies, or business functions, providing expert-level capabilities for complex or niche requirements","Domain Expertise; Advanced Reasoning; Rare Skills; Consultative Role; Knowledge Integration; Continuous Learning","Domain-specific AI models and knowledge bases; Expert system architectures; Specialized reasoning engines; Advanced knowledge representation; Continuous learning frameworks",Gap,Low,"2-3 specialist domains, manual knowledge updates","5-10 domains, automated knowledge integration","15+ domains, self-updating expertise, cross-domain reasoning","25+ domains, emergent specializations, adaptive expertise","Expertise depth score (1-10); Problem-solving success rate (%); Knowledge currency (days since last update); Consultation request volume (requests/day)"
NAB-Aligned: Autonomous Execution,N/A - Overarching Capability,"Ability for agents to operate independently, within the goals set as part of the agentic framework","Independent Operation; Goal-driven Behavior; Self-directed Decision Making; Framework Compliance; Autonomous Resource Management; Boundary Awareness","Autonomous agent frameworks (AutoGPT, LangChain Agents); Goal-oriented planning systems; Constraint satisfaction engines; Resource allocation algorithms",Gap,High,N/A,N/A,N/A,N/A,"Autonomous operation percentage (%); Goal achievement rate (%); Framework compliance score (%); Resource utilization efficiency (%)"
NAB-Aligned: Agent Evaluation Framework,N/A - Overarching Capability,"Focuses on measuring the quality, cost, and efficacy of Agentic applications, identify potential issues, inefficiencies and determining their root causes","Quality Assessment; Cost Analysis; Efficacy Measurement; Issue Identification; Root Cause Analysis; Continuous Improvement","Performance monitoring platforms (Datadog, New Relic); Cost analysis tools (AWS Cost Explorer, Azure Cost Management); Quality assessment frameworks (MLflow, Weights & Biases); Root cause analysis engines",Gap,High,N/A,N/A,N/A,N/A,"Quality score improvement (%); Cost reduction achieved (%); Issue detection accuracy (%); Root cause identification rate (%)"
NAB-Aligned: Monitoring and Observability,N/A - Cross-cutting Capability,"Tools for tracking agent performance, debugging, and optimizing operations","Performance Tracking; Debug Capabilities; Operational Optimization; Real-time Monitoring; Alerting Systems; Metrics Collection","Application Performance Monitoring (APM) tools; Distributed tracing systems (Jaeger, Zipkin); Metrics collection platforms (Prometheus, Grafana); Log aggregation systems (ELK Stack, Splunk)",Gap,High,N/A,N/A,N/A,N/A,"System visibility score (1-10); Mean time to detection (minutes); Performance optimization gains (%); Debug resolution time (hours)"
NAB-Aligned: Memory (Short term and long term),N/A - Cross-cutting Capability,"System's ability to store and recall past experiences to improve decision-making, perception and overall performance","Short-term Memory; Long-term Memory; Experience Storage; Pattern Recognition; Memory Retrieval; Learning Integration","Vector databases (Pinecone, Weaviate, Chroma); Graph databases (Neo4j, Amazon Neptune); Memory architectures (MemoryBank, LangChain Memory); Embedding models for semantic search",Gap,High,N/A,N/A,N/A,N/A,"Memory retention accuracy (%); Retrieval speed (milliseconds); Learning improvement rate (%); Memory utilization efficiency (%)"
NAB-Aligned: Identity and Access Management,N/A - Cross-cutting Capability,"Supports impersonation flow where agents can access resources using credentials provided by a user while maintaining audit trails and access controls","Impersonation Flow; Resource Access Control; Credential Management; Audit Trail Maintenance; Access Policy Enforcement; User Context Preservation","Identity providers (Azure AD, OAuth 2.0, SAML); Access management platforms (Okta, Ping Identity); Secure credential storage (HashiCorp Vault, Azure Key Vault); Audit logging systems",Gap,High,N/A,N/A,N/A,N/A,"Access control compliance (%); Audit trail completeness (%); Security incident rate (per 1000 operations); Identity verification accuracy (%)"
NAB-Aligned: Integration and Connectivity,N/A - Cross-cutting Capability,"Capacity to connect with diverse data sources, APIs, and external systems through standardized interfaces","Multi-source Integration; API Connectivity; Standardized Interfaces; Data Format Translation; Connection Management; Error Handling","API gateways (Kong, Ambassador, AWS API Gateway); Integration platforms (MuleSoft, Apache Camel); Data transformation tools (Apache NiFi, Talend); Message brokers (Apache Kafka, RabbitMQ)",Gap,High,N/A,N/A,N/A,N/A,"Integration success rate (%); Connection availability (%); Data transformation accuracy (%); Response time (milliseconds)"
NAB-Aligned: Security and Compliance,N/A - Cross-cutting Capability,"Measures for data protection, encryption, audit trails, and adherence to regulations","Data Protection; Encryption Standards; Audit Trail Management; Regulatory Compliance; Access Controls; Threat Detection","Encryption frameworks (AES-256, TLS 1.3); Security information and event management (SIEM) systems; Compliance management platforms; Threat detection systems (Splunk, QRadar)",Gap,High,N/A,N/A,N/A,N/A,"Security compliance score (%); Encryption coverage (%); Audit completeness (%); Threat detection accuracy (%)"
NAB-Aligned: Agent Authoring using B10 Open Source Frameworks,N/A - Development Capability,"Ability to author agents for specific needs or use cases leveraging open source frameworks","Framework Selection; Agent Development; Use Case Specialization; Community Integration; Framework Customization; Rapid Prototyping","Open source agent frameworks (LangChain, CrewAI, AutoGen); Development environments and IDEs; Version control systems (Git, GitHub); Container platforms (Docker, Kubernetes)",Gap,Medium,N/A,N/A,N/A,N/A,"Agent development velocity (agents per sprint); Framework adoption rate (%); Code reusability score (%); Time to deployment (days)"
NAB-Aligned: Agent Integration with other Open Source Frameworks,N/A - Development Capability,"Ability to interoperate with other agents that are authored using alternative frameworks or open source frameworks","Framework Interoperability; Protocol Translation; API Standardization; Data Exchange; Workflow Coordination; Legacy Integration","Model Control Protocol (MCP) for standardized communication; API translation layers and adapters; Message brokers; Integration platforms (Apache Camel, MuleSoft)",Gap,Medium,N/A,N/A,N/A,N/A,"Cross-framework integration success rate (%); Protocol translation accuracy (%); Interoperability test coverage (%); Integration maintenance overhead (hours per month)"
